﻿{
  "output_file": "settings.json",
  
    "OnlyLive": {
    "type": "checkbox",
    "value": false,
	"label": "Only when live",
    "tooltip": "Command is only active when stream is live",
	"group": "General"
  },
  "Command": {
    "type": "textbox",
    "value": "!so",
	"label": "Command Name",
    "tooltip": "The command the bot will respond to. Usage: !so one, @two three four",
	"group": "General"
  },
  "Service": {
    "type": "dropdown",
    "value": "Twitch",
    "items": ["Twitch"],
    "label": "Service",
    "tooltip": "Service used.",
    "group": "General"
  },
  "Usage": {
    "type": "dropdown",
    "value": "Stream Chat",
    "items": ["Stream Chat","Stream Whisper","Stream Both"],
    "label": "Usage",
    "tooltip": "Usage for where the script can be used!",
    "group": "General"
  },
    "Permission": {
    "type": "dropdown",
    "value": "Moderator",
    "items": ["Everyone","Regular","Subscriber","GameWisp Subscriber","User_Specific","Min_Rank","Min_Points","Min_Hours","Moderator","Editor","Caster","VIP+","VIP Exclusive"],
    "label": "Permission level",
    "tooltip": "Set the permission level for the command",
    "group": "General"
  },
    "PermissionInfo": {
    "type": "textbox",
    "value": "",
    "label": "Permission level info",
    "tooltip": "Set the user, rank or tier for permission",
    "group": "General"
  },
    "TextMessage": {
    "type": "textbox",
    "value": "/me 📢 These streamers are amazing people so please check them out ❤ ",
    "label": "Chat message before shoutouts",
    "tooltip": "First part of the shoutout, before seperator or links",
    "group": "Responses"
  },
    "Seperator": {
    "type": "checkbox",
    "value": true,
	"label": "Line reset",
    "tooltip": "Use line reset between base response and first link!",
	"group": "Responses"
  },
    "SeperatorStyle": {
		"type": "dropdown",
		"value": "ThinSep1",
		"items": ["ThinSep1", "ThinSep2", "ThinSep3", "ThickSep1", "ThickSep2", "ThickSep3"],
		"label": "Seperator Style",
		"tooltip": "Set the style of the seperators",
		"group": "Responses"
	},
    "EndMessage": {
    "type": "textbox",
    "value": "",
    "label": "End Message",
    "tooltip": "Text after all the links",
    "group": "Responses"
  },
    "EndSeperator": {
    "type": "checkbox",
    "value": true,
	"label": "End line",
    "tooltip": "Use line after the last link to close off the command",
	"group": "Responses"
  },
    "Emotes": {
    "type": "textbox",
    "value": "bleedPurple bleedPurple bleedPurple",
    "label": "Emotes",
    "tooltip": "The three emotes behind each link",
    "group": "Responses"
  },
  "Tags":{
	"type": "checkbox",
	"value": true,
	"label": "Use tags",
	"tooltip": "Tag the targets in the response.",
	"group": "Responses"
  },
  "BtnDefaults": {
		"type": "button",
		"label": "Restore Default Settings",
		"tooltip": "Reset settings back to defaults.\r\nReload Scripts afterwards to see the changes in the user interface!",
		"function": "SetDefaults",
		"wsevent": "",
		"group": ""
	}
}